Mohamed Homenick III,1-305-089-5067,Port Laurenebury,Virgin Islands, U.S.,
Miss Demarcus Wilderman,609.130.5908,Lake Edisonville,Guinea,
Kari White,1-313-269-7134,Tysonside,Philippines,
Kirk Howell,(010) 181-1569,Hintzhaven,Palestinian Territory,
Marilee Schimmel,(060) 206-7026,East Cortez,Kenya,
Soon McKenzie,498-339-3756,Port China,Republic of Korea,
Val Kovacek MD,(247) 562-5731,Gaynellland,Lebanon,
Silva Ondricka,(801) 608-3763,South Edward,Grenada,
Bula Romaguera Sr.,332.370.3142,Lake Cathiside,France,
Granville Pollich,1-074-201-8248,Port Earliemouth,Australia,
